000webhost.com.,suffix
3docean.net.,suffix
aapanel.com.,suffix
accounts.google.com.,suffix
aclanthology.org.,suffix
adobe.com.,suffix
adobelogin.com.,suffix
ads.google.com.,suffix
adservice.google.com.,suffix
ai.google.,suffix
akamaized.net.,suffix
alexa.com.,suffix
algolia.com.,suffix
algolia.net.,suffix
algolianet.com.,suffix
alpinelinux.org.,suffix
altera.com.,suffix
altn.com.,suffix
amazon.com.,suffix
amazonaws.com.,suffix
amd.com.,suffix
amp.dev.,suffix
analytics.google.com.,suffix
anchor.fm.,suffix
android.com.,suffix
androidstudio.googleblog.com.,suffix
ansible.com.,suffix
ant.design.,suffix
anydesk.com.,suffix
apache.org.,suffix
api.daily.dev.,suffix
apis.google.com.,suffix
app.netdata.cloud.,suffix
appengine.google.com.,suffix
apple.com.,suffix
apps.admob.com.,suffix
appspot.com.,suffix
arcgis.com.,suffix
atlassian.com.,suffix
atlassian.net.,suffix
audiojungle.net.,suffix
aws.amazon.com.,suffix
awsstatic.com.,suffix
axocdn.com.,suffix
azul.com.,suffix
azure.com.,suffix
b4x.com.,suffix
baeldung.com.,suffix
balena.io.,suffix
battlecode.org.,suffix
bazel.build.,suffix
bazel.build.,suffix
bestbuy.com.,suffix
bigbluebutton.org.,suffix
bintray.com.,suffix
bit.dev.,suffix
bit.ly.,suffix
bitbucket.org.,suffix
bitsrc.io.,suffix
bitvise.com.,suffix
bitvision.app.,suffix
bluemix.net.,suffix
books.google.com.,suffix
bootstrapcdn.com.,suffix
bootswatch.com.,suffix
branch.io.,suffix
bugsnag.com.,suffix
business.google.com.,suffix
c9.io.,suffix
caddy.community.,suffix
caddyserver.com.,suffix
centos.org.,suffix
chaquo.com.,suffix
chat.google.com.,suffix
chatgptonline.net.,suffix
chromium.org.,suffix
cirros-cloud.net.,suffix
cisco.com.,suffix
clamav.net.,suffix
classroom.google.com.,suffix
clients.google.com.,suffix
clients2.google.com.,suffix
clients6.google.com.,suffix
cljdoc.org.,suffix
cloud.google.com.,suffix
cloudbees.com.,suffix
cloudera.com.,suffix
cloudflare.com.,suffix
cloudfront.net.,suffix
cloudfunctions.net.,suffix
cnet.com.,suffix
cocalc.com.,suffix
code.google.com.,suffix
code.videolan.org.,suffix
codecanyon.net.,suffix
codecov.io.,suffix
codegrepper.com.,suffix
codepen.io.,suffix
codesandbox.io.,suffix
codex.cs.yale.edu.,suffix
coinbase.com.,suffix
compiles.overleaf.com.,suffix
comsol.com.,suffix
conan.io.,suffix
consul.io.,suffix
convertio.co.,suffix
convertio.me.,suffix
coreldraw.com.,suffix
count.ly.,suffix
coursehero.com.,suffix
coursera-apps.org.,suffix
coursera.com.,suffix
coursera.org.,suffix
cp.maxcdn.com.,suffix
cppstories.com.,suffix
crashlytics.com.,suffix
csb.app.,suffix
curd.io.,suffix
dart.dev.,suffix
dartlang.org.,suffix
dartpad.dev.,suffix
dashboardpack.com.,suffix
datacamp.com.,suffix
datastudio.google.com.,suffix
debian.org.,suffix
deepmind.com.,suffix
dell.com.,suffix
dellcdn.com.,suffix
demandbase.com.,suffix
deno.land.,suffix
deployer.org.,suffix
design.google.com.,suffix
dev.to.,suffix
developer.chrome.com.,suffix
developer.google.com.,suffix
developer.samsung.com.,suffix
developers.google.com.,suffix
digikey.com.,suffix
digitalocean.com.,suffix
djangoproject.com.,suffix
dl-ssl.google.com.,suffix
dl.google.com.,suffix
dlang.org.,suffix
dns.google.,suffix
dns.google.com.,suffix
docker.com.,suffix
docker.io.,suffix
docs.datastax.com.,suffix
domains.google.com.,suffix
dot.tk.,suffix
doubleclick.net.,suffix
doubleclickbygoogle.com.,suffix
download.01.org.,suffix
download.virtualbox.org.,suffix
earthengine.google.com.,suffix
earthengine.google.com.,suffix
edgesuite.net.,suffix
edx.org.,suffix
elastic.co.,suffix
element14.com.,suffix
eloqua.com.,suffix
en25.com.,suffix
enterprisedb.com.,suffix
envato-static.com.,suffix
envato.com.,suffix
envato.market.,suffix
epicgames.com.,suffix
eslint.org.,suffix
events.google.com.,suffix
exceedlms.com.,suffix
explainshell.com.,suffix
expo.dev.,suffix
expo.io.,suffix
expressjs.com.,suffix
fabric.io.,suffix
fbsbx.com.,suffix
fedoramagazine.org.,suffix
fedoraproject.org.,suffix
fiber.google.com.,suffix
figma.com.,suffix
firebase.com.,suffix
firebase.google.com.,suffix
flaticon.com.,suffix
flurry.com.,suffix
flutter-io.cn.,suffix
flutter.dev.,suffix
flutter.io.,suffix
fluttercrashcourse.com.,suffix
flutterlearn.com.,suffix
fodev.org.,suffix
fontawesome.com.,suffix
fortinet.com.,suffix
forums.cpanel.net.,suffix
freecodecamp.org.,suffix
freedesktop.org.,suffix
freenom.com.,suffix
freepik.com.,suffix
fsdn.com.,suffix
fuchsia.dev.,suffix
fusioncharts.com.,suffix
gallery.io.,suffix
gamepass.com.,suffix
gcr.io.,suffix
geforce.com.,suffix
getbootstrap.com.,suffix
getcaddy.com.,suffix
getliner.com.,suffix
github.com.,suffix
github.io.,suffix
githubapp.com.,suffix
githubassets.com.,suffix
githubusercontent.com.,suffix
githubusercontent.com.,suffix
gitkraken.com.,suffix
gitlab-static.net.,suffix
gitlab.com.,suffix
gitlab.io.,suffix
gitpod.io.,suffix
glitch.com.,suffix
glitch.me.,suffix
gnome.org.,suffix
go.dev.,suffix
goanimate.com.,suffix
godbolt.org.,suffix
godoc.org.,suffix
golang.org.,suffix
google-analytics.com.,suffix
google.ai.,suffix
google.qualtrics.com.,suffix
googleadservices.com.,suffix
googleapis.com.,suffix
googlesource.com.,suffix
googletagmanager.com.,suffix
googletagservices.com.,suffix
googleusercontent.com.,suffix
gopkg.in.,suffix
grabcad.com.,suffix
gradle-dn.com.,suffix
gradle.org.,suffix
grafana.com.,suffix
grammarly.com.,suffix
graphicriver.net.,suffix
graphql.org.,suffix
gravatar.com.,suffix
gravityforms.com.,suffix
grow.google.,suffix
gstatic.com.,suffix
gurobi.com.,suffix
gvt1.com.,suffix
hackerrank.com.,suffix
hackerrank.com.,suffix
hackthebox.eu.,suffix
helm.sh.,suffix
heroku.com.,suffix
hetzner.cloud.,suffix
hetzner.com.,suffix
hetzner.company.,suffix
hetzner.de.,suffix
hex.pm.,suffix
highcharts.com.,suffix
hotjar.com.,suffix
hp.com.,suffix
hpe.com.,suffix
huawei.com.,suffix
huggingface.co.,suffix
hyper.is.,suffix
i.stack.imgur.com.,suffix
i18next.com.,suffix
ibm.com.,suffix
ieee.com.,suffix
ieee.org.,suffix
ifconfig.co.,suffix
igdb.com.,suffix
incredibuild.com.,suffix
insomnia.rest.,suffix
instana.com.,suffix
intel.com.,suffix
intel.de.,suffix
intelephense.com.,suffix
intellij.net.,suffix
invis.io.,suffix
invisionapp.com.,suffix
ipinfo.io.,suffix
ipwhois.app.,suffix
is.gd.,suffix
issuetracker.google.com.,suffix
itsfoss.com.,suffix
jaspersoft.com.,suffix
java.com.,suffix
javacardos.com.,suffix
jenkins-ci.org.,suffix
jenkins.org.,suffix
jenkov.com.,suffix
jetbrains.com.,suffix
jetbrains.space.,suffix
jfrog.io.,suffix
jfrog.org.,suffix
jhipster.tech.,suffix
jitpack.io.,suffix
jitsi.org.,suffix
js.org.,suffix
justpaste.it.,suffix
jwplayer.com.,suffix
k8s.io.,suffix
kaggle.com.,suffix
kaggle.io.,suffix
kaggle.net.,suffix
kaggleusercontent.com.,suffix
khanacademy.org.,suffix
khronos.org.,suffix
kinsta.com.,suffix
kite.com.,suffix
kubernetes.io.,suffix
kubernetes.io.,suffix
labix.org.,suffix
laravel.com.,suffix
launchpad.net.,suffix
leafletjs.com.,suffix
leech.com.,suffix
lenovo.com.,suffix
lens.google.com.,suffix
lg.com.,suffix
lgappstv.com.,suffix
libraries.io.,suffix
lightstep.com.,suffix
linode.com.,suffix
linuxquestions.org.,suffix
lit.dev.,suffix
livefyre.com.,suffix
logrocket.com.,suffix
maas.io.,suffix
machinelearningmastery.com.,suffix
machinelearningmastery.com.,suffix
macromedia.com.,suffix
mailchimp.com.,suffix
mailgun.com.,suffix
mariadb.com.,suffix
marketingplatform.google.com.,suffix
material.io.,suffix
mathworks.com.,suffix
maven.google.com.,suffix
maven.org.,suffix
maxcdn.com.,suffix
maxmind.com.,suffix
mbed.com.,suffix
medium.com.,suffix
mendeley.com.,suffix
metasploit.com.,suffix
mi.com.,suffix
microblink.com.,suffix
microchip.com.,suffix
micropyramid.com.,suffix
microsoft.com.,suffix
microsoft.com.,suffix
microsoft.com.,suffix
microsoft.com.,suffix
minio.io.,suffix
mintegral.com.,suffix
miro.com.,suffix
mit.edu.,suffix
mongodb.com.,suffix
mongodb.org.,suffix
moz.com.,suffix
mozilla.net.,suffix
mozilla.org.,suffix
mvnrepository.com.,suffix
my-netdata.io.,suffix
mybridge.co.,suffix
myfonts.net.,suffix
myget.org.,suffix
mymavenrepo.com.,suffix
mysql.com.,suffix
nativescript.org.,suffix
nestjs.com.,suffix
netacad.com.,suffix
netbeans.org.,suffix
netdata.cloud.,suffix
netdata.cloud.,suffix
netdevgroup.com.,suffix
newrelic.com.,suffix
nextjs.org.,suffix
nginx.com.,suffix
ngrok.com.,suffix
ngrok.io.,suffix
ni.com.,suffix
nip.io.,suffix
nirsoft.net.,suffix
nodejs.org.,suffix
nodesource.com.,suffix
notifications.google.com.,suffix
notion.so.,suffix
npmjs.org.,suffix
nvcr.io.,suffix
nvidia.com.,suffix
oddrun.ir.,suffix
ojrq.net.,suffix
one.google.com.,suffix
onfastspring.com.,suffix
openai.com.,suffix
opendev.org.,suffix
openreview.net.,suffix
openvpn.net.,suffix
optimize.google.com.,suffix
optimizely.com.,suffix
oracle.com.,suffix
origin.com.,suffix
overleaf.com.,suffix
packagecloud.io.,suffix
packagesource.com.,suffix
packagist.org.,suffix
packtpub.com.,suffix
paddle.com.,suffix
parsely.com.,suffix
payments.google.com.,suffix
paypal.com.,suffix
paypalobjects.com.,suffix
pdf2go.com.,suffix
photodune.net.,suffix
php.net.,suffix
pingdom.com.,suffix
pkg.dev.,suffix
planet.com.,suffix
play.google.com.,suffix
plotly.com.,suffix
polymer-project.org.,suffix
postman.com.,suffix
prezi.com.,suffix
proandroiddev.com.,suffix
programiz.com.,suffix
pscdn.co.,suffix
pub.dev.,suffix
pypa.io.,suffix
pypi.org.,suffix
pypi.org.,suffix
python.org.,suffix
pythonhosted.org.,suffix
pytorch.org.,suffix
pytorchlightning.ai.,suffix
qt.io.,suffix
quay.io.,suffix
quilljs.com.,suffix
rabbitmq.com.,suffix
rapid7.com.,suffix
rapidapi.com.,suffix
react-select.com.,suffix
reactjs.org.,suffix
reality.ai.,suffix
realm.io.,suffix
red.com.,suffix
redis.com.,suffix
redis.io.,suffix
registry.k8s.io.,suffix
registry.terraform.io.,suffix
releases.hashicorp.com.,suffix
remove.bg.,suffix
research.google.com.,suffix
rstudio.com.,suffix
rtings.com.,suffix
ruby-doc.org.,suffix
rubygems.org.,suffix
rust-lang.org.,suffix
salesforce.com.,suffix
samacsys.com.,suffix
scdn.co.,suffix
schema.org.,suffix
segment.com.,suffix
seleniumhq.org.,suffix
sendgrid.com.,suffix
sentry-cdn.com.,suffix
sentry.io.,suffix
serialport.io.,suffix
serverfault.com.,suffix
serverpilot.io.,suffix
services.google.com.,suffix
sitefinity.com.,suffix
siteground.com.,suffix
sites.google.com.,suffix
slidesgo.com.,suffix
socket.io.,suffix
softlayer.com.,suffix
softonic.com.,suffix
sonatype.org.,suffix
sourceforge.net.,suffix
sparkjava.com.,suffix
spiceworks.com.,suffix
splunk.com.,suffix
spotify.com.,suffix
spring.io.,suffix
sstatic.net.,suffix
stackexchange.com.,suffix
stackoverflow.com.,suffix
stackshare.io.,suffix
statuspage.io.,suffix
storage.googleapis.com.,suffix
stripe.com.,suffix
stripe.network.,suffix
sun.com.,suffix
superuser.com.,suffix
surveys.google.com.,suffix
swaggerhub.com.,suffix
swift.org.,suffix
symfony.com.,suffix
tabnine.com.,suffix
tagmanager.google.com.,suffix
teamtreehouse.com.,suffix
teamviewer.com.,suffix
telerik.com.,suffix
templatemag.com.,suffix
tensorflow.org.,suffix
tensorflow.org.,suffix
terraform.io.,suffix
terrytao.wordpress.com.,suffix
themeforest.net.,suffix
themepixels.me.,suffix
thinkwithgoogle.com.,suffix
ti.com.,suffix
time.google.com.,suffix
timedoctor.com.,suffix
tinyjpg.com.,suffix
tinypng.com.,suffix
tinyurl.com.,suffix
toggl.com.,suffix
tomtom.com.,suffix
towardsdatascience.com.,suffix
travis-ci.com.,suffix
travis-ci.org.,suffix
traviscistatus.com.,suffix
trello.com.,suffix
trellocdn.com.,suffix
twilio.com.,suffix
typoci.com.,suffix
ubuntu.com.,suffix
udemy.com.,suffix
udemycdn-a.com.,suffix
udemycdn.com.,suffix
unity.com.,suffix
unity3d.com.,suffix
unrealengine.com.,suffix
unsplash.com.,suffix
upwork.com.,suffix
uxcam.com.,suffix
vagrantup.com.,suffix
victoriametrics.com.,suffix
videohive.net.,suffix
videolan.org.,suffix
virtualbox.org.,suffix
virtualmin.com.,suffix
visualping.io.,suffix
visualstudio.com.,suffix
visualstudio.com.,suffix
vmcdn.com.,suffix
vmware.com.,suffix
vuejs.org.,suffix
vuetifyjs.com.,suffix
vuforia.com.,suffix
vultr.com.,suffix
wakatime.com.,suffix
wallpaperget.com.,suffix
wandb.ai.,suffix
waze.com.,suffix
web.dev.,suffix
webcatalog.app.,suffix
webcatalog.io.,suffix
webmin.com.,suffix
websiteforstudents.com.,suffix
wikia.com.,suffix
windows.com.,suffix
withgoogle.com.,suffix
withgoogle.com.,suffix
withgoogle.com.,suffix
wpastra.com.,suffix
wrappixel.com.,suffix
wtfismyip.com.,suffix
xbox.com.,suffix
xboxab.com.,suffix
xboxab.net.,suffix
xboxlive.com.,suffix
xboxservices.com.,suffix
xero.com.,suffix
xiaomi.com.,suffix
xip.io.,suffix
xkcd.com.,suffix
yajrabox.com.,suffix
yandex.com.,suffix
yarnpkg.com.,suffix
zeit.co.,suffix
zend.com.,suffix
zeplin.io.,suffix
zoom.us.,suffix